<?xml version="1.0"?>
<gameList>
	<game>
		<path>./Donkey Kong (World) (Rev A) (SGB Enhanced).zip</path>
		<name>Donkey Kong (World) (Rev A) (SGB Enhanced)</name>
		<playcount>1</playcount>
		<lastplayed>20201117T205639</lastplayed>
	</game>
	<game>
		<path>./Super Mario Land (World).zip</path>
		<name>Super Mario Land (World)</name>
		<favorite>true</favorite>
		<playcount>3</playcount>
		<lastplayed>20201118T031322</lastplayed>
	</game>
	<game>
		<path>./Tetris (World) (Rev A).zip</path>
		<name>Tetris (World) (Rev A)</name>
		<favorite>true</favorite>
		<playcount>3</playcount>
		<lastplayed>20201118T032001</lastplayed>
	</game>
	<game>
		<path>./Pac-Man (USA).zip</path>
		<name>Pac-Man (USA)</name>
		<favorite>true</favorite>
		<playcount>1</playcount>
		<lastplayed>20201118T044323</lastplayed>
	</game>
</gameList>
