<?xml version="1.0"?>
<gameList>
	<game>
		<path>./magdrop3.zip</path>
		<name>Magical Drop III</name>
		<favorite>true</favorite>
		<playcount>1</playcount>
		<lastplayed>20201118T030622</lastplayed>
	</game>
	<game>
		<path>./mslugx.zip</path>
		<name>Metal Slug X - Super Vehicle-001 (NGM-2500)(NGH-2500)</name>
		<favorite>true</favorite>
		<playcount>2</playcount>
		<lastplayed>20201119T032941</lastplayed>
	</game>
	<game>
		<path>./s1945p.zip</path>
		<name>Strikers 1945 Plus</name>
		<favorite>true</favorite>
		<playcount>20</playcount>
		<lastplayed>20201119T040303</lastplayed>
	</game>
	<game>
		<path>./mslug3.zip</path>
		<name>Metal Slug 3 (NGM-2560)</name>
		<favorite>true</favorite>
		<playcount>3</playcount>
		<lastplayed>20201119T042640</lastplayed>
	</game>
</gameList>
