<settings>
    <setting id="activate_source" value="1" />
    <setting id="button_release_delay_ms" value="0" />
    <setting id="button_repeat_rate_ms" value="0" />
    <setting id="cec_hdmi_port" value="1" />
    <setting id="cec_standby_screensaver" value="0" />
    <setting id="cec_wake_screensaver" value="1" />
    <setting id="connected_device" value="36037" />
    <setting id="device_name" value="Kodi" />
    <setting id="device_type" value="1" />
    <setting id="double_tap_timeout_ms" value="300" />
    <setting id="enabled" value="1" />
    <setting id="pause_or_stop_playback_on_deactivate" value="36045" />
    <setting id="pause_playback_on_deactivate" value="0" />
    <setting id="physical_address" value="0" />
    <setting id="power_avr_on_as" value="0" />
    <setting id="send_inactive_source" value="0" />
    <setting id="standby_devices" value="231" />
    <setting id="standby_devices_advanced" value="" />
    <setting id="standby_pc_on_tv_standby" value="36028" />
    <setting id="standby_tv_on_pc_standby" value="1" />
    <setting id="tv_vendor" value="0" />
    <setting id="use_tv_menu_language" value="1" />
    <setting id="wake_devices" value="36037" />
    <setting id="wake_devices_advanced" value="" />
</settings>
