<?xml version="1.0"?>
<gameList>
	<game>
		<path>./Super Mario Bros. Deluxe (USA, Europe) (Rev B).zip</path>
		<name>Super Mario Bros. Deluxe (USA, Europe) (Rev B)</name>
		<favorite>true</favorite>
	</game>
	<game>
		<path>./Pac-Man - Special Color Edition (USA) (SGB Enhanced).zip</path>
		<name>Pac-Man - Special Color Edition (USA) (SGB Enhanced)</name>
		<favorite>true</favorite>
		<playcount>2</playcount>
		<lastplayed>20201118T044111</lastplayed>
	</game>
	<game>
		<path>./Legend of Zelda, The - Link's Awakening DX (USA, Europe) (SGB Enhanced).zip</path>
		<name>Legend of Zelda, The - Link's Awakening DX (USA, Europe) (SGB Enhanced)</name>
		<playcount>2</playcount>
		<lastplayed>20201119T031205</lastplayed>
	</game>
	<game>
		<path>./007 - The World Is Not Enough (USA, Europe).zip</path>
		<name>007 - The World Is Not Enough (USA, Europe)</name>
		<playcount>1</playcount>
		<lastplayed>20201119T042239</lastplayed>
	</game>
</gameList>
