<?xml version="1.0"?>
<gameList>
	<game>
		<path>./Earthworm Jim (USA).zip</path>
		<name>Earthworm Jim (USA)</name>
		<favorite>true</favorite>
		<playcount>1</playcount>
		<lastplayed>20201118T022727</lastplayed>
	</game>
	<game>
		<path>./Earthworm Jim 2 (USA).zip</path>
		<name>Earthworm Jim 2 (USA)</name>
		<favorite>true</favorite>
	</game>
	<game>
		<path>./Super Mario World (USA).zip</path>
		<name>Super Mario World (USA)</name>
		<favorite>true</favorite>
		<playcount>2</playcount>
		<lastplayed>20201118T021311</lastplayed>
	</game>
	<game>
		<path>./Super Mario All-Stars (USA).zip</path>
		<name>Super Mario All-Stars (USA)</name>
		<favorite>true</favorite>
		<playcount>1</playcount>
		<lastplayed>20201118T025656</lastplayed>
	</game>
	<game>
		<path>./Legend of Zelda, The - A Link to the Past (USA).zip</path>
		<name>Legend of Zelda, The - A Link to the Past (USA)</name>
		<favorite>true</favorite>
		<playcount>3</playcount>
		<lastplayed>20201118T040239</lastplayed>
	</game>
	<game>
		<path>./Yoshi's Cookie (USA).zip</path>
		<name>Yoshi's Cookie (USA)</name>
		<favorite>true</favorite>
		<playcount>1</playcount>
		<lastplayed>20201118T045331</lastplayed>
	</game>
</gameList>
