<?xml version="1.0"?>
<gameList>
	<game>
		<path>./Hacks/Dragon Pervert (New) (Dragon Warrior Hack).nes</path>
		<name>Dragon Pervert (New) (Dragon Warrior Hack)</name>
		<playcount>1</playcount>
		<lastplayed>20201118T014644</lastplayed>
	</game>
	<game>
		<path>./USA/Super Mario Bros 2 (U) (PRG 0).nes</path>
		<name>Super Mario Bros 2 (U) (PRG 0)</name>
		<favorite>true</favorite>
	</game>
	<game>
		<path>./USA/Super Mario Bros 3 (U) (PRG 0).nes</path>
		<name>Super Mario Bros 3 (U) (PRG 0)</name>
		<favorite>true</favorite>
	</game>
	<game>
		<path>./USA/Pac-Man (Tengen) (U) [!].nes</path>
		<name>Pac-Man (Tengen) (U) [!]</name>
		<favorite>true</favorite>
		<playcount>1</playcount>
		<lastplayed>20201118T043610</lastplayed>
	</game>
	<game>
		<path>./USA/Super Mario Bros - Duck Hunt (U).nes</path>
		<name>Super Mario Bros - Duck Hunt (U)</name>
		<favorite>true</favorite>
		<playcount>10</playcount>
		<lastplayed>20201118T223727</lastplayed>
	</game>
	<game>
		<path>./240pee.nes</path>
		<name>240pee</name>
		<playcount>3</playcount>
		<lastplayed>20201119T143143</lastplayed>
	</game>
</gameList>
